"","Country area or territory","Surveillance site type","Year-week (ISO 8601 calendar)","Week start date (ISO 8601 calendar)","Specimen tested","Influenza positive","Influenza negative","A (H1N1)pdm09","A (H3)","A (H5)","A not subtyped","B (Victoria)","B (Yamagata)","B (lineage not determined)"
"1","United States of America","Non-sentinel","2016-40",2016-10-03,13380,210,13170,NA,NA,NA,120,NA,NA,90
"2","United States of America","Non-sentinel","2016-41",2016-10-10,14053,191,13862,NA,NA,NA,108,NA,NA,83
"3","United States of America","Non-sentinel","2016-42",2016-10-17,15110,212,14898,NA,NA,NA,115,NA,NA,97
"4","United States of America","Non-sentinel","2016-43",2016-10-24,15312,231,15081,NA,NA,NA,143,NA,NA,88
"5","United States of America","Non-sentinel","2016-44",2016-10-31,16652,319,16333,NA,NA,NA,201,NA,NA,118
"6","United States of America","Non-sentinel","2016-45",2016-11-07,17811,392,17419,NA,NA,NA,271,NA,NA,121
"7","United States of America","Non-sentinel","2016-46",2016-11-14,19060,491,18569,NA,NA,NA,347,NA,NA,144
"8","United States of America","Non-sentinel","2016-47",2016-11-21,18520,620,17900,NA,NA,NA,451,NA,NA,169
"9","United States of America","Non-sentinel","2016-48",2016-11-28,21542,715,20827,NA,NA,NA,532,NA,NA,183
"10","United States of America","Non-sentinel","2016-49",2016-12-05,20564,876,19688,NA,NA,NA,696,NA,NA,180
"11","United States of America","Non-sentinel","2016-50",2016-12-12,23476,1569,21907,NA,NA,NA,1359,NA,NA,210
"12","United States of America","Non-sentinel","2016-51",2016-12-19,26934,2904,24030,NA,NA,NA,2563,NA,NA,341
"13","United States of America","Non-sentinel","2016-52",2016-12-26,33273,4658,28615,NA,NA,NA,4270,NA,NA,388
"14","United States of America","Non-sentinel","2017-01",2017-01-02,35028,4674,30354,NA,NA,NA,4288,NA,NA,386
"15","United States of America","Non-sentinel","2017-02",2017-01-09,35198,5411,29787,NA,NA,NA,4935,NA,NA,476
"16","United States of America","Non-sentinel","2017-03",2017-01-16,36732,6717,30015,NA,NA,NA,6062,NA,NA,655
"17","United States of America","Non-sentinel","2017-04",2017-01-23,38052,7051,31001,NA,NA,NA,6254,NA,NA,797
"18","United States of America","Non-sentinel","2017-05",2017-01-30,41435,8876,32559,NA,NA,NA,7779,NA,NA,1097
"19","United States of America","Non-sentinel","2017-06",2017-02-06,47995,11592,36403,NA,NA,NA,9702,NA,NA,1890
"20","United States of America","Non-sentinel","2017-07",2017-02-13,49356,12098,37258,NA,NA,NA,9546,NA,NA,2552
"21","United States of America","Non-sentinel","2017-08",2017-02-20,47381,11715,35666,NA,NA,NA,8763,NA,NA,2952
"22","United States of America","Non-sentinel","2017-09",2017-02-27,40431,7994,32437,NA,NA,NA,5605,NA,NA,2389
"23","United States of America","Non-sentinel","2017-10",2017-03-06,38487,7417,31070,NA,NA,NA,4632,NA,NA,2785
"24","United States of America","Non-sentinel","2017-11",2017-03-13,36598,6966,29632,NA,NA,NA,3795,NA,NA,3171
"25","United States of America","Non-sentinel","2017-12",2017-03-20,35188,6936,28252,NA,NA,NA,3221,NA,NA,3715
"26","United States of America","Non-sentinel","2017-13",2017-03-27,32481,6003,26478,NA,NA,NA,2345,NA,NA,3658
"27","United States of America","Non-sentinel","2017-14",2017-04-03,28713,4429,24284,NA,NA,NA,1443,NA,NA,2986
"28","United States of America","Non-sentinel","2017-15",2017-04-10,25001,3185,21816,NA,NA,NA,902,NA,NA,2283
"29","United States of America","Non-sentinel","2017-16",2017-04-17,22091,2142,19949,NA,NA,NA,567,NA,NA,1575
"30","United States of America","Non-sentinel","2017-17",2017-04-24,18795,1272,17523,NA,NA,NA,326,NA,NA,946
"31","United States of America","Non-sentinel","2017-18",2017-05-01,16223,960,15263,NA,NA,NA,252,NA,NA,708
"32","United States of America","Non-sentinel","2017-19",2017-05-08,15302,816,14486,NA,NA,NA,232,NA,NA,584
"33","United States of America","Non-sentinel","2017-20",2017-05-15,14292,695,13597,NA,NA,NA,216,NA,NA,479
"34","United States of America","Non-sentinel","2017-21",2017-05-22,12821,558,12263,NA,NA,NA,180,NA,NA,378
"35","United States of America","Non-sentinel","2017-22",2017-05-29,11644,485,11159,NA,NA,NA,171,NA,NA,314
"36","United States of America","Non-sentinel","2017-23",2017-06-05,10662,361,10301,NA,NA,NA,136,NA,NA,225
"37","United States of America","Non-sentinel","2017-24",2017-06-12,9568,293,9275,NA,NA,NA,131,NA,NA,162
"38","United States of America","Non-sentinel","2017-25",2017-06-19,8455,224,8231,NA,NA,NA,107,NA,NA,117
"39","United States of America","Non-sentinel","2017-26",2017-06-26,7498,190,7308,NA,NA,NA,94,NA,NA,96
"40","United States of America","Non-sentinel","2017-27",2017-07-03,7071,154,6917,NA,NA,NA,75,NA,NA,79
"41","United States of America","Non-sentinel","2017-28",2017-07-10,7394,160,7234,NA,NA,NA,92,NA,NA,68
"42","United States of America","Non-sentinel","2017-29",2017-07-17,7178,132,7046,NA,NA,NA,87,NA,NA,45
"43","United States of America","Non-sentinel","2017-30",2017-07-24,6755,122,6633,NA,NA,NA,72,NA,NA,50
"44","United States of America","Non-sentinel","2017-31",2017-07-31,6725,131,6594,NA,NA,NA,96,NA,NA,35
"45","United States of America","Non-sentinel","2017-32",2017-08-07,6893,131,6762,NA,NA,NA,76,NA,NA,55
"46","United States of America","Non-sentinel","2017-33",2017-08-14,7596,102,7494,NA,NA,NA,62,NA,NA,40
"47","United States of America","Non-sentinel","2017-34",2017-08-21,8160,117,8043,NA,NA,NA,80,NA,NA,37
"48","United States of America","Non-sentinel","2017-35",2017-08-28,9404,182,9222,NA,NA,NA,120,NA,NA,62
"49","United States of America","Non-sentinel","2017-36",2017-09-04,10381,196,10185,NA,NA,NA,128,NA,NA,68
"50","United States of America","Non-sentinel","2017-37",2017-09-11,11602,220,11382,NA,NA,NA,148,NA,NA,72
"51","United States of America","Non-sentinel","2017-38",2017-09-18,12699,212,12487,NA,NA,NA,137,NA,NA,75
"52","United States of America","Non-sentinel","2017-39",2017-09-25,13622,232,13390,NA,NA,NA,155,NA,NA,77
"53","United States of America","Non-sentinel","2017-40",2017-10-02,15532,342,15190,NA,NA,NA,230,NA,NA,112
"54","United States of America","Non-sentinel","2017-41",2017-10-09,16557,346,16211,NA,NA,NA,248,NA,NA,98
"55","United States of America","Non-sentinel","2017-42",2017-10-16,17827,388,17439,NA,NA,NA,278,NA,NA,110
"56","United States of America","Non-sentinel","2017-43",2017-10-23,18391,475,17916,NA,NA,NA,340,NA,NA,135
"57","United States of America","Non-sentinel","2017-44",2017-10-30,20015,722,19293,NA,NA,NA,503,NA,NA,219
"58","United States of America","Non-sentinel","2017-45",2017-11-06,21886,929,20957,NA,NA,NA,689,NA,NA,240
"59","United States of America","Non-sentinel","2017-46",2017-11-13,23794,1261,22533,NA,NA,NA,939,NA,NA,322
"60","United States of America","Non-sentinel","2017-47",2017-11-20,23830,1689,22141,NA,NA,NA,1336,NA,NA,353
"61","United States of America","Non-sentinel","2017-48",2017-11-27,27213,1988,25225,NA,NA,NA,1552,NA,NA,436
"62","United States of America","Non-sentinel","2017-49",2017-12-04,30767,3306,27461,NA,NA,NA,2479,NA,NA,827
"63","United States of America","Non-sentinel","2017-50",2017-12-11,35194,5404,29790,NA,NA,NA,4560,NA,NA,844
"64","United States of America","Non-sentinel","2017-51",2017-12-18,48009,10935,37074,NA,NA,NA,9237,NA,NA,1698
"65","United States of America","Non-sentinel","2017-52",2017-12-25,55518,14094,41424,NA,NA,NA,12002,NA,NA,2092
"66","United States of America","Non-sentinel","2018-01",2018-01-01,61316,15553,45763,NA,NA,NA,13018,NA,NA,2535
"67","United States of America","Non-sentinel","2018-02",2018-01-08,68276,18395,49881,NA,NA,NA,15149,NA,NA,3246
"68","United States of America","Non-sentinel","2018-03",2018-01-15,69124,18687,50437,NA,NA,NA,14782,NA,NA,3905
"69","United States of America","Non-sentinel","2018-04",2018-01-22,80322,21984,58338,NA,NA,NA,16634,NA,NA,5350
"70","United States of America","Non-sentinel","2018-05",2018-01-29,81687,22108,59579,NA,NA,NA,15193,NA,NA,6915
"71","United States of America","Non-sentinel","2018-06",2018-02-05,81391,21974,59417,NA,NA,NA,14116,NA,NA,7858
"72","United States of America","Non-sentinel","2018-07",2018-02-12,74973,19581,55392,NA,NA,NA,11371,NA,NA,8210
"73","United States of America","Non-sentinel","2018-08",2018-02-19,60034,13577,46457,NA,NA,NA,7177,NA,NA,6400
"74","United States of America","Non-sentinel","2018-09",2018-02-26,48489,8964,39525,NA,NA,NA,4405,NA,NA,4559
"75","United States of America","Non-sentinel","2018-10",2018-03-05,40978,6431,34547,NA,NA,NA,2897,NA,NA,3534
"76","United States of America","Non-sentinel","2018-11",2018-03-12,36794,5733,31061,NA,NA,NA,2349,NA,NA,3384
"77","United States of America","Non-sentinel","2018-12",2018-03-19,33442,5126,28316,NA,NA,NA,2023,NA,NA,3103
"78","United States of America","Non-sentinel","2018-13",2018-03-26,30668,4635,26033,NA,NA,NA,1708,NA,NA,2927
"79","United States of America","Non-sentinel","2018-14",2018-04-02,27339,3469,23870,NA,NA,NA,1132,NA,NA,2337
"80","United States of America","Non-sentinel","2018-15",2018-04-09,25052,2818,22234,NA,NA,NA,901,NA,NA,1917
"81","United States of America","Non-sentinel","2018-16",2018-04-16,21483,2019,19464,NA,NA,NA,595,NA,NA,1424
"82","United States of America","Non-sentinel","2018-17",2018-04-23,19328,1546,17782,NA,NA,NA,472,NA,NA,1074
"83","United States of America","Non-sentinel","2018-18",2018-04-30,17095,1070,16025,NA,NA,NA,346,NA,NA,724
"84","United States of America","Non-sentinel","2018-19",2018-05-07,14978,658,14320,NA,NA,NA,191,NA,NA,467
"85","United States of America","Non-sentinel","2018-20",2018-05-14,13013,412,12601,NA,NA,NA,176,NA,NA,236
"86","United States of America","Non-sentinel","2018-21",2018-05-21,11799,282,11517,NA,NA,NA,119,NA,NA,163
"87","United States of America","Non-sentinel","2018-22",2018-05-28,10789,165,10624,NA,NA,NA,76,NA,NA,89
"88","United States of America","Non-sentinel","2018-23",2018-06-04,9703,153,9550,NA,NA,NA,73,NA,NA,80
"89","United States of America","Non-sentinel","2018-24",2018-06-11,8929,116,8813,NA,NA,NA,51,NA,NA,65
"90","United States of America","Non-sentinel","2018-25",2018-06-18,8502,87,8415,NA,NA,NA,49,NA,NA,38
"91","United States of America","Non-sentinel","2018-26",2018-06-25,7723,86,7637,NA,NA,NA,57,NA,NA,29
"92","United States of America","Non-sentinel","2018-27",2018-07-02,6879,69,6810,NA,NA,NA,44,NA,NA,25
"93","United States of America","Non-sentinel","2018-28",2018-07-09,6986,64,6922,NA,NA,NA,51,NA,NA,13
"94","United States of America","Non-sentinel","2018-29",2018-07-16,6835,72,6763,NA,NA,NA,57,NA,NA,15
"95","United States of America","Non-sentinel","2018-30",2018-07-23,6733,67,6666,NA,NA,NA,48,NA,NA,19
"96","United States of America","Non-sentinel","2018-31",2018-07-30,6292,60,6232,NA,NA,NA,43,NA,NA,17
"97","United States of America","Non-sentinel","2018-32",2018-08-06,6790,65,6725,NA,NA,NA,43,NA,NA,22
"98","United States of America","Non-sentinel","2018-33",2018-08-13,7065,54,7011,NA,NA,NA,36,NA,NA,18
"99","United States of America","Non-sentinel","2018-34",2018-08-20,7783,104,7679,NA,NA,NA,77,NA,NA,27
"100","United States of America","Non-sentinel","2018-35",2018-08-27,8712,131,8581,NA,NA,NA,98,NA,NA,33
"101","United States of America","Non-sentinel","2018-36",2018-09-03,9786,171,9615,NA,NA,NA,119,NA,NA,52
"102","United States of America","Non-sentinel","2018-37",2018-09-10,12030,203,11827,NA,NA,NA,155,NA,NA,48
"103","United States of America","Non-sentinel","2018-38",2018-09-17,13182,224,12958,NA,NA,NA,158,NA,NA,66
"104","United States of America","Non-sentinel","2018-39",2018-09-24,14763,221,14542,NA,NA,NA,169,NA,NA,52
"105","United States of America","Non-sentinel","2018-40",2018-10-01,16528,289,16239,NA,NA,NA,218,NA,NA,71
"106","United States of America","Non-sentinel","2018-41",2018-10-08,18035,306,17729,NA,NA,NA,223,NA,NA,83
"107","United States of America","Non-sentinel","2018-42",2018-10-15,20190,400,19790,NA,NA,NA,311,NA,NA,89
"108","United States of America","Non-sentinel","2018-43",2018-10-22,21409,441,20968,NA,NA,NA,340,NA,NA,101
"109","United States of America","Non-sentinel","2018-44",2018-10-29,22447,489,21958,NA,NA,NA,390,NA,NA,99
"110","United States of America","Non-sentinel","2018-45",2018-11-05,23515,644,22871,NA,NA,NA,546,NA,NA,98
"111","United States of America","Non-sentinel","2018-46",2018-11-12,24475,772,23703,NA,NA,NA,668,NA,NA,104
"112","United States of America","Non-sentinel","2018-47",2018-11-19,24726,973,23753,NA,NA,NA,897,NA,NA,76
"113","United States of America","Non-sentinel","2018-48",2018-11-26,28283,1107,27176,NA,NA,NA,1001,NA,NA,106
"114","United States of America","Non-sentinel","2018-49",2018-12-03,29028,1812,27216,NA,NA,NA,1660,NA,NA,152
"115","United States of America","Non-sentinel","2018-50",2018-12-10,33117,3436,29681,NA,NA,NA,3242,NA,NA,194
"116","United States of America","Non-sentinel","2018-51",2018-12-17,38370,5480,32890,NA,NA,NA,5288,NA,NA,192
"117","United States of America","Non-sentinel","2018-52",2018-12-24,43325,7089,36236,NA,NA,NA,6849,NA,NA,240
"118","United States of America","Non-sentinel","2019-01",2018-12-31,44383,5390,38993,NA,NA,NA,5238,NA,NA,152
"119","United States of America","Non-sentinel","2019-02",2019-01-07,41545,5293,36252,NA,NA,NA,5075,NA,NA,218
"120","United States of America","Non-sentinel","2019-03",2019-01-14,41959,6849,35110,NA,NA,NA,6663,NA,NA,186
"121","United States of America","Non-sentinel","2019-04",2019-01-21,44101,8552,35549,NA,NA,NA,8309,NA,NA,243
"122","United States of America","Non-sentinel","2019-05",2019-01-28,48536,10948,37588,NA,NA,NA,10659,NA,NA,289
"123","United States of America","Non-sentinel","2019-06",2019-02-04,53892,13551,40341,NA,NA,NA,13122,NA,NA,429
"124","United States of America","Non-sentinel","2019-07",2019-02-11,53123,13822,39301,NA,NA,NA,13313,NA,NA,509
"125","United States of America","Non-sentinel","2019-08",2019-02-18,53900,14155,39745,NA,NA,NA,13680,NA,NA,475
"126","United States of America","Non-sentinel","2019-09",2019-02-25,53088,13852,39236,NA,NA,NA,13416,NA,NA,436
"127","United States of America","Non-sentinel","2019-10",2019-03-04,53153,13622,39531,NA,NA,NA,13188,NA,NA,434
"128","United States of America","Non-sentinel","2019-11",2019-03-11,53283,13923,39360,NA,NA,NA,13364,NA,NA,559
"129","United States of America","Non-sentinel","2019-12",2019-03-18,48659,10936,37723,NA,NA,NA,10322,NA,NA,614
"130","United States of America","Non-sentinel","2019-13",2019-03-25,42750,8257,34493,NA,NA,NA,7664,NA,NA,593
"131","United States of America","Non-sentinel","2019-14",2019-04-01,36631,5471,31160,NA,NA,NA,4883,NA,NA,588
"132","United States of America","Non-sentinel","2019-15",2019-04-08,31608,3760,27848,NA,NA,NA,3201,NA,NA,559
"133","United States of America","Non-sentinel","2019-16",2019-04-15,27931,2402,25529,NA,NA,NA,1891,NA,NA,511
"134","United States of America","Non-sentinel","2019-17",2019-04-22,24638,1436,23202,NA,NA,NA,1028,NA,NA,408
"135","United States of America","Non-sentinel","2019-18",2019-04-29,20115,966,19149,NA,NA,NA,634,NA,NA,332
"136","United States of America","Non-sentinel","2019-19",2019-05-06,17687,679,17008,NA,NA,NA,404,NA,NA,275
"137","United States of America","Non-sentinel","2019-20",2019-05-13,16978,601,16377,NA,NA,NA,333,NA,NA,268
"138","United States of America","Non-sentinel","2019-21",2019-05-20,15630,534,15096,NA,NA,NA,276,NA,NA,258
"139","United States of America","Non-sentinel","2019-22",2019-05-27,14341,441,13900,NA,NA,NA,212,NA,NA,229
"140","United States of America","Non-sentinel","2019-23",2019-06-03,12601,351,12250,NA,NA,NA,144,NA,NA,207
"141","United States of America","Non-sentinel","2019-24",2019-06-10,11384,263,11121,NA,NA,NA,129,NA,NA,134
"142","United States of America","Non-sentinel","2019-25",2019-06-17,10450,199,10251,NA,NA,NA,109,NA,NA,90
"143","United States of America","Non-sentinel","2019-26",2019-06-24,9126,189,8937,NA,NA,NA,93,NA,NA,96
"144","United States of America","Non-sentinel","2019-27",2019-07-01,8850,215,8635,NA,NA,NA,129,NA,NA,86
"145","United States of America","Non-sentinel","2019-28",2019-07-08,9074,183,8891,NA,NA,NA,102,NA,NA,81
"146","United States of America","Non-sentinel","2019-29",2019-07-15,8339,185,8154,NA,NA,NA,105,NA,NA,80
"147","United States of America","Non-sentinel","2019-30",2019-07-22,7951,189,7762,NA,NA,NA,104,NA,NA,85
"148","United States of America","Non-sentinel","2019-31",2019-07-29,7880,189,7691,NA,NA,NA,104,NA,NA,85
"149","United States of America","Non-sentinel","2019-32",2019-08-05,8080,166,7914,NA,NA,NA,79,NA,NA,87
"150","United States of America","Non-sentinel","2019-33",2019-08-12,8309,172,8137,NA,NA,NA,78,NA,NA,94
"151","United States of America","Non-sentinel","2019-34",2019-08-19,8888,210,8678,NA,NA,NA,94,NA,NA,116
"152","United States of America","Non-sentinel","2019-35",2019-08-26,10500,362,10138,NA,NA,NA,142,NA,NA,220
"153","United States of America","Non-sentinel","2019-36",2019-09-02,11815,366,11449,NA,NA,NA,136,NA,NA,230
"154","United States of America","Non-sentinel","2019-37",2019-09-09,13360,332,13028,NA,NA,NA,152,NA,NA,180
"155","United States of America","Non-sentinel","2019-38",2019-09-16,15055,415,14640,NA,NA,NA,162,NA,NA,253
"156","United States of America","Non-sentinel","2019-39",2019-09-23,17342,475,16867,NA,NA,NA,153,NA,NA,322
"157","United States of America","Non-sentinel","2019-40",2019-09-30,19851,260,19591,NA,NA,NA,136,NA,NA,124
"158","United States of America","Non-sentinel","2019-41",2019-10-07,22113,327,21786,NA,NA,NA,146,NA,NA,181
"159","United States of America","Non-sentinel","2019-42",2019-10-14,23131,359,22772,NA,NA,NA,172,NA,NA,187
"160","United States of America","Non-sentinel","2019-43",2019-10-21,24630,555,24075,NA,NA,NA,201,NA,NA,354
"161","United States of America","Non-sentinel","2019-44",2019-10-28,25417,777,24640,NA,NA,NA,221,NA,NA,556
"162","United States of America","Non-sentinel","2019-45",2019-11-04,28842,1489,27353,NA,NA,NA,414,NA,NA,1075
"163","United States of America","Non-sentinel","2019-46",2019-11-11,31439,2124,29315,NA,NA,NA,535,NA,NA,1589
"164","United States of America","Non-sentinel","2019-47",2019-11-18,36497,3484,33013,NA,NA,NA,903,NA,NA,2581
"165","United States of America","Non-sentinel","2019-48",2019-11-25,35398,3872,31526,NA,NA,NA,1079,NA,NA,2793
"166","United States of America","Non-sentinel","2019-49",2019-12-02,41929,4887,37042,NA,NA,NA,1426,NA,NA,3461
"167","United States of America","Non-sentinel","2019-50",2019-12-09,44911,7255,37656,NA,NA,NA,2158,NA,NA,5097
"168","United States of America","Non-sentinel","2019-51",2019-12-16,54480,12276,42204,NA,NA,NA,3697,NA,NA,8579
"169","United States of America","Non-sentinel","2019-52",2019-12-23,64024,17244,46780,NA,NA,NA,5980,NA,NA,11264
"170","United States of America","Non-sentinel","2020-01",2019-12-30,65177,15309,49868,NA,NA,NA,5645,NA,NA,9664
"171","United States of America","Non-sentinel","2020-02",2020-01-06,60717,14037,46680,NA,NA,NA,6109,NA,NA,7928
"172","United States of America","Non-sentinel","2020-03",2020-01-13,60316,15732,44584,NA,NA,NA,7712,NA,NA,8020
"173","United States of America","Non-sentinel","2020-04",2020-01-20,64502,18242,46260,NA,NA,NA,9478,NA,NA,8764
"174","United States of America","Non-sentinel","2020-05",2020-01-27,72224,21773,50451,NA,NA,NA,12102,NA,NA,9671
"175","United States of America","Non-sentinel","2020-06",2020-02-03,71868,21747,50121,NA,NA,NA,12960,NA,NA,8787
"176","United States of America","Non-sentinel","2020-07",2020-02-10,69257,20552,48705,NA,NA,NA,13372,NA,NA,7180
"177","United States of America","Non-sentinel","2020-08",2020-02-17,65212,18469,46743,NA,NA,NA,12714,NA,NA,5755
"178","United States of America","Non-sentinel","2020-09",2020-02-24,62427,16076,46351,NA,NA,NA,11713,NA,NA,4363
"179","United States of America","Non-sentinel","2020-10",2020-03-02,64149,14428,49721,NA,NA,NA,11050,NA,NA,3378
"180","United States of America","Non-sentinel","2020-11",2020-03-09,74416,11767,62649,NA,NA,NA,9077,NA,NA,2690
"181","United States of America","Non-sentinel","2020-12",2020-03-16,73090,5483,67607,NA,NA,NA,4131,NA,NA,1352
"182","United States of America","Non-sentinel","2020-13",2020-03-23,44754,1039,43715,NA,NA,NA,759,NA,NA,280
"183","United States of America","Non-sentinel","2020-14",2020-03-30,30838,318,30520,NA,NA,NA,196,NA,NA,122
"184","United States of America","Non-sentinel","2020-15",2020-04-06,19572,121,19451,NA,NA,NA,75,NA,NA,46
"185","United States of America","Non-sentinel","2020-16",2020-04-13,14443,90,14353,NA,NA,NA,58,NA,NA,32
"186","United States of America","Non-sentinel","2020-17",2020-04-20,12822,28,12794,NA,NA,NA,20,NA,NA,8
"187","United States of America","Non-sentinel","2020-18",2020-04-27,10268,27,10241,NA,NA,NA,19,NA,NA,8
"188","United States of America","Non-sentinel","2020-19",2020-05-04,8891,29,8862,NA,NA,NA,14,NA,NA,15
"189","United States of America","Non-sentinel","2020-20",2020-05-11,7844,24,7820,NA,NA,NA,14,NA,NA,10
"190","United States of America","Non-sentinel","2020-21",2020-05-18,7523,16,7507,NA,NA,NA,8,NA,NA,8
"191","United States of America","Non-sentinel","2020-22",2020-05-25,6054,10,6044,NA,NA,NA,7,NA,NA,3
"192","United States of America","Non-sentinel","2020-23",2020-06-01,6181,21,6160,NA,NA,NA,9,NA,NA,12
"193","United States of America","Non-sentinel","2020-24",2020-06-08,5718,16,5702,NA,NA,NA,8,NA,NA,8
"194","United States of America","Non-sentinel","2020-25",2020-06-15,5247,20,5227,NA,NA,NA,12,NA,NA,8
"195","United States of America","Non-sentinel","2020-26",2020-06-22,5667,16,5651,NA,NA,NA,9,NA,NA,7
"196","United States of America","Non-sentinel","2020-27",2020-06-29,6180,13,6167,NA,NA,NA,8,NA,NA,5
"197","United States of America","Non-sentinel","2020-28",2020-07-06,6243,11,6232,NA,NA,NA,6,NA,NA,5
"198","United States of America","Non-sentinel","2020-29",2020-07-13,6117,23,6094,NA,NA,NA,11,NA,NA,12
"199","United States of America","Non-sentinel","2020-30",2020-07-20,5982,9,5973,NA,NA,NA,5,NA,NA,4
"200","United States of America","Non-sentinel","2020-31",2020-07-27,6032,8,6024,NA,NA,NA,3,NA,NA,5
"201","United States of America","Non-sentinel","2020-32",2020-08-03,6245,11,6234,NA,NA,NA,7,NA,NA,4
"202","United States of America","Non-sentinel","2020-33",2020-08-10,6043,8,6035,NA,NA,NA,4,NA,NA,4
"203","United States of America","Non-sentinel","2020-34",2020-08-17,6155,14,6141,NA,NA,NA,6,NA,NA,8
"204","United States of America","Non-sentinel","2020-35",2020-08-24,6334,20,6314,NA,NA,NA,7,NA,NA,13
"205","United States of America","Non-sentinel","2020-36",2020-08-31,6008,13,5995,NA,NA,NA,7,NA,NA,6
"206","United States of America","Non-sentinel","2020-37",2020-09-07,6462,13,6449,NA,NA,NA,7,NA,NA,6
"207","United States of America","Non-sentinel","2020-38",2020-09-14,7344,32,7312,NA,NA,NA,14,NA,NA,18
"208","United States of America","Non-sentinel","2020-39",2020-09-21,8076,23,8053,NA,NA,NA,13,NA,NA,10
"209","United States of America","Non-sentinel","2020-40",2020-09-28,12200,40,12160,NA,NA,NA,19,NA,NA,21
"210","United States of America","Non-sentinel","2020-41",2020-10-05,14924,58,14866,NA,NA,NA,30,NA,NA,28
"211","United States of America","Non-sentinel","2020-42",2020-10-12,15112,53,15059,NA,NA,NA,27,NA,NA,26
"212","United States of America","Non-sentinel","2020-43",2020-10-19,16611,42,16569,NA,NA,NA,21,NA,NA,21
"213","United States of America","Non-sentinel","2020-44",2020-10-26,20552,41,20511,NA,NA,NA,22,NA,NA,19
"214","United States of America","Non-sentinel","2020-45",2020-11-02,27187,56,27131,NA,NA,NA,31,NA,NA,25
"215","United States of America","Non-sentinel","2020-46",2020-11-09,34907,76,34831,NA,NA,NA,32,NA,NA,44
"216","United States of America","Non-sentinel","2020-47",2020-11-16,38746,88,38658,NA,NA,NA,34,NA,NA,54
"217","United States of America","Non-sentinel","2020-48",2020-11-23,35276,55,35221,NA,NA,NA,19,NA,NA,36
"218","United States of America","Non-sentinel","2020-49",2020-11-30,42526,96,42430,NA,NA,NA,31,NA,NA,65
"219","United States of America","Non-sentinel","2020-50",2020-12-07,41778,102,41676,NA,NA,NA,26,NA,NA,76
"220","United States of America","Non-sentinel","2020-51",2020-12-14,40917,117,40800,NA,NA,NA,36,NA,NA,81
"221","United States of America","Non-sentinel","2020-52",2020-12-21,36310,101,36209,NA,NA,NA,34,NA,NA,67
"222","United States of America","Non-sentinel","2020-53",2020-12-28,40471,107,40364,NA,NA,NA,34,NA,NA,73
"223","United States of America","Non-sentinel","2021-01",2021-01-04,44971,123,44848,NA,NA,NA,28,NA,NA,95
"224","United States of America","Non-sentinel","2021-02",2021-01-11,41807,72,41735,NA,NA,NA,24,NA,NA,48
"225","United States of America","Non-sentinel","2021-03",2021-01-18,39002,83,38919,NA,NA,NA,21,NA,NA,62
"226","United States of America","Non-sentinel","2021-04",2021-01-25,36455,62,36393,NA,NA,NA,12,NA,NA,50
"227","United States of America","Non-sentinel","2021-05",2021-02-01,36559,74,36485,NA,NA,NA,21,NA,NA,53
"228","United States of America","Non-sentinel","2021-06",2021-02-08,34089,46,34043,NA,NA,NA,11,NA,NA,35
"229","United States of America","Non-sentinel","2021-07",2021-02-15,32424,41,32383,NA,NA,NA,19,NA,NA,22
"230","United States of America","Non-sentinel","2021-08",2021-02-22,34328,42,34286,NA,NA,NA,17,NA,NA,25
"231","United States of America","Non-sentinel","2021-09",2021-03-01,34184,31,34153,NA,NA,NA,14,NA,NA,17
"232","United States of America","Non-sentinel","2021-10",2021-03-08,34191,36,34155,NA,NA,NA,15,NA,NA,21
"233","United States of America","Non-sentinel","2021-11",2021-03-15,34680,45,34635,NA,NA,NA,26,NA,NA,19
"234","United States of America","Non-sentinel","2021-12",2021-03-22,35763,30,35733,NA,NA,NA,13,NA,NA,17
"235","United States of America","Non-sentinel","2021-13",2021-03-29,31900,22,31878,NA,NA,NA,13,NA,NA,9
"236","United States of America","Non-sentinel","2021-14",2021-04-05,31520,24,31496,NA,NA,NA,10,NA,NA,14
"237","United States of America","Non-sentinel","2021-15",2021-04-12,30238,21,30217,NA,NA,NA,8,NA,NA,13
"238","United States of America","Non-sentinel","2021-16",2021-04-19,30568,28,30540,NA,NA,NA,12,NA,NA,16
"239","United States of America","Non-sentinel","2021-17",2021-04-26,31247,26,31221,NA,NA,NA,16,NA,NA,10
"240","United States of America","Non-sentinel","2021-18",2021-05-03,30176,25,30151,NA,NA,NA,10,NA,NA,15
"241","United States of America","Non-sentinel","2021-19",2021-05-10,29035,30,29005,NA,NA,NA,17,NA,NA,13
"242","United States of America","Non-sentinel","2021-20",2021-05-17,28416,43,28373,NA,NA,NA,23,NA,NA,20
"243","United States of America","Non-sentinel","2021-21",2021-05-24,24574,37,24537,NA,NA,NA,14,NA,NA,23
"244","United States of America","Non-sentinel","2021-22",2021-05-31,23886,22,23864,NA,NA,NA,7,NA,NA,15
"245","United States of America","Non-sentinel","2021-23",2021-06-07,25258,26,25232,NA,NA,NA,8,NA,NA,18
"246","United States of America","Non-sentinel","2021-24",2021-06-14,24440,29,24411,NA,NA,NA,17,NA,NA,12
"247","United States of America","Non-sentinel","2021-25",2021-06-21,22366,29,22337,NA,NA,NA,12,NA,NA,17
"248","United States of America","Non-sentinel","2021-26",2021-06-28,22756,16,22740,NA,NA,NA,3,NA,NA,13
"249","United States of America","Non-sentinel","2021-27",2021-07-05,25064,14,25050,NA,NA,NA,5,NA,NA,9
"250","United States of America","Non-sentinel","2021-28",2021-07-12,26255,28,26227,NA,NA,NA,11,NA,NA,17
"251","United States of America","Non-sentinel","2021-29",2021-07-19,27716,18,27698,NA,NA,NA,5,NA,NA,13
"252","United States of America","Non-sentinel","2021-30",2021-07-26,30271,23,30248,NA,NA,NA,11,NA,NA,12
"253","United States of America","Non-sentinel","2021-31",2021-08-02,28691,32,28659,NA,NA,NA,14,NA,NA,18
"254","United States of America","Non-sentinel","2021-32",2021-08-09,34972,19,34953,NA,NA,NA,8,NA,NA,11
"255","United States of America","Non-sentinel","2021-33",2021-08-16,33295,22,33273,NA,NA,NA,13,NA,NA,9
"256","United States of America","Non-sentinel","2021-34",2021-08-23,39984,24,39960,NA,NA,NA,13,NA,NA,11
"257","United States of America","Non-sentinel","2021-35",2021-08-30,40616,35,40581,NA,NA,NA,22,NA,NA,13
"258","United States of America","Non-sentinel","2021-36",2021-09-06,35927,20,35907,NA,NA,NA,11,NA,NA,9
"259","United States of America","Non-sentinel","2021-37",2021-09-13,42138,23,42115,NA,NA,NA,9,NA,NA,14
"260","United States of America","Non-sentinel","2021-38",2021-09-20,38839,28,38811,NA,NA,NA,12,NA,NA,16
"261","United States of America","Non-sentinel","2021-39",2021-09-27,39398,47,39351,NA,NA,NA,24,NA,NA,23
"262","United States of America","Non-sentinel","2021-40",2021-10-04,49688,78,49610,NA,NA,NA,41,NA,NA,37
"263","United States of America","Non-sentinel","2021-41",2021-10-11,46313,56,46257,NA,NA,NA,24,NA,NA,32
"264","United States of America","Non-sentinel","2021-42",2021-10-18,48913,65,48848,NA,NA,NA,26,NA,NA,39
"265","United States of America","Non-sentinel","2021-43",2021-10-25,51914,132,51782,NA,NA,NA,99,NA,NA,33
"266","United States of America","Non-sentinel","2021-44",2021-11-01,57035,161,56874,NA,NA,NA,124,NA,NA,37
"267","United States of America","Non-sentinel","2021-45",2021-11-08,63268,345,62923,NA,NA,NA,309,NA,NA,36
"268","United States of America","Non-sentinel","2021-46",2021-11-15,72905,732,72173,NA,NA,NA,687,NA,NA,45
"269","United States of America","Non-sentinel","2021-47",2021-11-22,71888,1324,70564,NA,NA,NA,1285,NA,NA,39
"270","United States of America","Non-sentinel","2021-48",2021-11-29,85248,2466,82782,NA,NA,NA,2395,NA,NA,71
"271","United States of America","Non-sentinel","2021-49",2021-12-06,97782,3964,93818,NA,NA,NA,3913,NA,NA,51
"272","United States of America","Non-sentinel","2021-50",2021-12-13,108196,6742,101454,NA,NA,NA,6681,NA,NA,61
"273","United States of America","Non-sentinel","2021-51",2021-12-20,126904,7318,119586,NA,NA,NA,7240,NA,NA,78
"274","United States of America","Non-sentinel","2021-52",2021-12-27,147040,6197,140843,NA,NA,NA,6088,NA,NA,109
"275","United States of America","Non-sentinel","2022-01",2022-01-03,150872,3674,147198,NA,NA,NA,3606,NA,NA,68
"276","United States of America","Non-sentinel","2022-02",2022-01-10,129424,2672,126752,NA,NA,NA,2600,NA,NA,72
"277","United States of America","Non-sentinel","2022-03",2022-01-17,106771,2262,104509,NA,NA,NA,2190,NA,NA,72
"278","United States of America","Non-sentinel","2022-04",2022-01-24,87124,1768,85356,NA,NA,NA,1722,NA,NA,46
"279","United States of America","Non-sentinel","2022-05",2022-01-31,68893,1611,67282,NA,NA,NA,1570,NA,NA,41
"280","United States of America","Non-sentinel","2022-06",2022-02-07,64800,1902,62898,NA,NA,NA,1855,NA,NA,47
"281","United States of America","Non-sentinel","2022-07",2022-02-14,62953,2590,60363,NA,NA,NA,2525,NA,NA,65
"282","United States of America","Non-sentinel","2022-08",2022-02-21,61128,2846,58282,NA,NA,NA,2813,NA,NA,33
"283","United States of America","Non-sentinel","2022-09",2022-02-28,61079,3655,57424,NA,NA,NA,3612,NA,NA,43
"284","United States of America","Non-sentinel","2022-10",2022-03-07,62009,4260,57749,NA,NA,NA,4206,NA,NA,54
"285","United States of America","Non-sentinel","2022-11",2022-03-14,62581,5003,57578,NA,NA,NA,4951,NA,NA,52
"286","United States of America","Non-sentinel","2022-12",2022-03-21,66581,5519,61062,NA,NA,NA,5483,NA,NA,36
"287","United States of America","Non-sentinel","2022-13",2022-03-28,66402,5679,60723,NA,NA,NA,5564,NA,NA,115
"288","United States of America","Non-sentinel","2022-14",2022-04-04,70497,6694,63803,NA,NA,NA,6660,NA,NA,34
"289","United States of America","Non-sentinel","2022-15",2022-04-11,69489,6870,62619,NA,NA,NA,6844,NA,NA,26
"290","United States of America","Non-sentinel","2022-16",2022-04-18,71915,6355,65560,NA,NA,NA,6303,NA,NA,52
"291","United States of America","Non-sentinel","2022-17",2022-04-25,76971,6278,70693,NA,NA,NA,6235,NA,NA,43
"292","United States of America","Non-sentinel","2022-18",2022-05-02,79892,6753,73139,NA,NA,NA,6702,NA,NA,51
"293","United States of America","Non-sentinel","2022-19",2022-05-09,84554,6149,78405,NA,NA,NA,6086,NA,NA,63
"294","United States of America","Non-sentinel","2022-20",2022-05-16,84708,5086,79622,NA,NA,NA,5059,NA,NA,27
"295","United States of America","Non-sentinel","2022-21",2022-05-23,82842,4795,78047,NA,NA,NA,4756,NA,NA,39
"296","United States of America","Non-sentinel","2022-22",2022-05-30,78158,3831,74327,NA,NA,NA,3785,NA,NA,46
"297","United States of America","Non-sentinel","2022-23",2022-06-06,75043,2485,72558,NA,NA,NA,2451,NA,NA,34
"298","United States of America","Non-sentinel","2022-24",2022-06-13,69476,1642,67834,NA,NA,NA,1600,NA,NA,42
"299","United States of America","Non-sentinel","2022-25",2022-06-20,66510,1124,65386,NA,NA,NA,1084,NA,NA,40
"300","United States of America","Non-sentinel","2022-26",2022-06-27,64429,817,63612,NA,NA,NA,780,NA,NA,37
"301","United States of America","Non-sentinel","2022-27",2022-07-04,63996,623,63373,NA,NA,NA,593,NA,NA,30
"302","United States of America","Non-sentinel","2022-28",2022-07-11,61558,488,61070,NA,NA,NA,438,NA,NA,50
"303","United States of America","Non-sentinel","2022-29",2022-07-18,62251,386,61865,NA,NA,NA,348,NA,NA,38
"304","United States of America","Non-sentinel","2022-30",2022-07-25,57937,299,57638,NA,NA,NA,268,NA,NA,31
"305","United States of America","Non-sentinel","2022-31",2022-08-01,54829,269,54560,NA,NA,NA,240,NA,NA,29
"306","United States of America","Non-sentinel","2022-32",2022-08-08,52169,251,51918,NA,NA,NA,224,NA,NA,27
"307","United States of America","Non-sentinel","2022-33",2022-08-15,53636,257,53379,NA,NA,NA,223,NA,NA,34
"308","United States of America","Non-sentinel","2022-34",2022-08-22,57496,341,57155,NA,NA,NA,300,NA,NA,41
"309","United States of America","Non-sentinel","2022-35",2022-08-29,59999,370,59629,NA,NA,NA,335,NA,NA,35
"310","United States of America","Non-sentinel","2022-36",2022-09-05,59748,450,59298,NA,NA,NA,428,NA,NA,22
"311","United States of America","Non-sentinel","2022-37",2022-09-12,62269,540,61729,NA,NA,NA,503,NA,NA,37
"312","United States of America","Non-sentinel","2022-38",2022-09-19,67455,840,66615,NA,NA,NA,775,NA,NA,65
"313","United States of America","Non-sentinel","2022-39",2022-09-26,66897,1351,65546,NA,NA,NA,1268,NA,NA,83
"314","United States of America","Non-sentinel","2022-40",2022-10-03,78249,2089,76160,NA,NA,NA,1984,NA,NA,105
"315","United States of America","Non-sentinel","2022-41",2022-10-10,88055,3049,85006,NA,NA,NA,2961,NA,NA,88
"316","United States of America","Non-sentinel","2022-42",2022-10-17,95427,5188,90239,NA,NA,NA,5080,NA,NA,108
"317","United States of America","Non-sentinel","2022-43",2022-10-24,112851,9454,103397,NA,NA,NA,9341,NA,NA,113
"318","United States of America","Non-sentinel","2022-44",2022-10-31,133627,17098,116529,NA,NA,NA,16953,NA,NA,145
"319","United States of America","Non-sentinel","2022-45",2022-11-07,144126,21526,122600,NA,NA,NA,21338,NA,NA,188
"320","United States of America","Non-sentinel","2022-46",2022-11-14,157775,28939,128836,NA,NA,NA,28750,NA,NA,189
"321","United States of America","Non-sentinel","2022-47",2022-11-21,157960,40775,117185,NA,NA,NA,40596,NA,NA,179
"322","United States of America","Non-sentinel","2022-48",2022-11-28,191785,49007,142778,NA,NA,NA,48835,NA,NA,172
"323","United States of America","Non-sentinel","2022-49",2022-12-05,182500,47935,134565,NA,NA,NA,47727,NA,NA,208
"324","United States of America","Non-sentinel","2022-50",2022-12-12,172825,42289,130536,NA,NA,NA,42073,NA,NA,216
"325","United States of America","Non-sentinel","2022-51",2022-12-19,151384,31452,119932,NA,NA,NA,31309,NA,NA,143
"326","United States of America","Non-sentinel","2022-52",2022-12-26,138757,20674,118083,NA,NA,NA,20501,NA,NA,173
"327","United States of America","Non-sentinel","2023-01",2023-01-02,121002,10421,110581,NA,NA,NA,10268,NA,NA,153
"328","United States of America","Non-sentinel","2023-02",2023-01-09,109210,5008,104202,NA,NA,NA,4852,NA,NA,156
"329","United States of America","Non-sentinel","2023-03",2023-01-16,106790,3140,103650,NA,NA,NA,2982,NA,NA,158
"330","United States of America","Non-sentinel","2023-04",2023-01-23,99616,2112,97504,NA,NA,NA,1943,NA,NA,169
"331","United States of America","Non-sentinel","2023-05",2023-01-30,97168,1626,95542,NA,NA,NA,1426,NA,NA,200
"332","United States of America","Non-sentinel","2023-06",2023-02-06,100754,1380,99374,NA,NA,NA,1111,NA,NA,269
"333","United States of America","Non-sentinel","2023-07",2023-02-13,95973,1041,94932,NA,NA,NA,780,NA,NA,261
"334","United States of America","Non-sentinel","2023-08",2023-02-20,92696,944,91752,NA,NA,NA,725,NA,NA,219
"335","United States of America","Non-sentinel","2023-09",2023-02-27,90640,836,89804,NA,NA,NA,609,NA,NA,227
"336","United States of America","Non-sentinel","2023-10",2023-03-06,86376,900,85476,NA,NA,NA,602,NA,NA,298
"337","United States of America","Non-sentinel","2023-11",2023-03-13,84308,754,83554,NA,NA,NA,490,NA,NA,264
"338","United States of America","Non-sentinel","2023-12",2023-03-20,82274,781,81493,NA,NA,NA,477,NA,NA,304
"339","United States of America","Non-sentinel","2023-13",2023-03-27,76692,736,75956,NA,NA,NA,380,NA,NA,356
"340","United States of America","Non-sentinel","2023-14",2023-04-03,72529,766,71763,NA,NA,NA,401,NA,NA,365
"341","United States of America","Non-sentinel","2023-15",2023-04-10,61439,623,60816,NA,NA,NA,281,NA,NA,342
"342","United States of America","Non-sentinel","2023-16",2023-04-17,56701,475,56226,NA,NA,NA,209,NA,NA,266
"343","United States of America","Non-sentinel","2023-17",2023-04-24,53442,510,52932,NA,NA,NA,221,NA,NA,289
"344","United States of America","Non-sentinel","2023-18",2023-05-01,52888,499,52389,NA,NA,NA,199,NA,NA,300
"345","United States of America","Non-sentinel","2023-19",2023-05-08,54713,557,54156,NA,NA,NA,198,NA,NA,359
"346","United States of America","Non-sentinel","2023-20",2023-05-15,47958,564,47394,NA,NA,NA,192,NA,NA,372
"347","United States of America","Non-sentinel","2023-21",2023-05-22,44133,527,43606,NA,NA,NA,225,NA,NA,302
"348","United States of America","Non-sentinel","2023-22",2023-05-29,42516,555,41961,NA,NA,NA,250,NA,NA,305
"349","United States of America","Non-sentinel","2023-23",2023-06-05,39470,432,39038,NA,NA,NA,224,NA,NA,208
"350","United States of America","Non-sentinel","2023-24",2023-06-12,35938,398,35540,NA,NA,NA,212,NA,NA,186
"351","United States of America","Non-sentinel","2023-25",2023-06-19,32938,312,32626,NA,NA,NA,190,NA,NA,122
"352","United States of America","Non-sentinel","2023-26",2023-06-26,30331,335,29996,NA,NA,NA,221,NA,NA,114
"353","United States of America","Non-sentinel","2023-27",2023-07-03,29939,365,29574,NA,NA,NA,267,NA,NA,98
"354","United States of America","Non-sentinel","2023-28",2023-07-10,30297,304,29993,NA,NA,NA,186,NA,NA,118
"355","United States of America","Non-sentinel","2023-29",2023-07-17,30473,306,30167,NA,NA,NA,199,NA,NA,107
"356","United States of America","Non-sentinel","2023-30",2023-07-24,30985,310,30675,NA,NA,NA,181,NA,NA,129
"357","United States of America","Non-sentinel","2023-31",2023-07-31,31995,344,31651,NA,NA,NA,202,NA,NA,142
"358","United States of America","Non-sentinel","2023-32",2023-08-07,35709,307,35402,NA,NA,NA,182,NA,NA,125
"359","United States of America","Non-sentinel","2023-33",2023-08-14,39986,355,39631,NA,NA,NA,209,NA,NA,146
"360","United States of America","Non-sentinel","2023-34",2023-08-21,44616,364,44252,NA,NA,NA,233,NA,NA,131
"361","United States of America","Non-sentinel","2023-35",2023-08-28,53059,381,52678,NA,NA,NA,266,NA,NA,115
"362","United States of America","Non-sentinel","2023-36",2023-09-04,55332,388,54944,NA,NA,NA,262,NA,NA,126
"363","United States of America","Non-sentinel","2023-37",2023-09-11,58288,462,57826,NA,NA,NA,314,NA,NA,148
"364","United States of America","Non-sentinel","2023-38",2023-09-18,61602,564,61038,NA,NA,NA,347,NA,NA,217
"365","United States of America","Non-sentinel","2023-39",2023-09-25,61810,577,61233,NA,NA,NA,360,NA,NA,217
"366","United States of America","Non-sentinel","2023-40",2023-10-02,64790,703,64087,NA,NA,NA,430,NA,NA,273
"367","United States of America","Non-sentinel","2023-41",2023-10-09,65360,870,64490,NA,NA,NA,590,NA,NA,280
"368","United States of America","Non-sentinel","2023-42",2023-10-16,66801,1011,65790,NA,NA,NA,693,NA,NA,318
"369","United States of America","Non-sentinel","2023-43",2023-10-23,69229,1255,67974,NA,NA,NA,862,NA,NA,393
"370","United States of America","Non-sentinel","2023-44",2023-10-30,77193,2022,75171,NA,NA,NA,1456,NA,NA,566
"371","United States of America","Non-sentinel","2023-45",2023-11-06,92301,3654,88647,NA,NA,NA,2582,NA,NA,1072
"372","United States of America","Non-sentinel","2023-46",2023-11-13,100657,4897,95760,NA,NA,NA,3647,NA,NA,1250
"373","United States of America","Non-sentinel","2023-47",2023-11-20,95152,5680,89472,NA,NA,NA,4333,NA,NA,1347
"374","United States of America","Non-sentinel","2023-48",2023-11-27,117304,8210,109094,NA,NA,NA,6510,NA,NA,1700
"375","United States of America","Non-sentinel","2023-49",2023-12-04,144858,12301,132557,NA,NA,NA,10101,NA,NA,2200
"376","United States of America","Non-sentinel","2023-50",2023-12-11,137361,18486,118875,NA,NA,NA,15157,NA,NA,3329
"377","United States of America","Non-sentinel","2023-51",2023-12-18,153975,26768,127207,NA,NA,NA,22112,NA,NA,4656
"378","United States of America","Non-sentinel","2023-52",2023-12-25,152189,27811,124378,NA,NA,NA,22817,NA,NA,4994
"379","United States of America","Non-sentinel","2024-01",2024-01-01,137969,19040,118929,NA,NA,NA,15374,NA,NA,3666
"380","United States of America","Non-sentinel","2024-02",2024-01-08,130403,18082,112321,NA,NA,NA,14376,NA,NA,3706
"381","United States of America","Non-sentinel","2024-03",2024-01-15,116068,17297,98771,NA,NA,NA,13213,NA,NA,4084
"382","United States of America","Non-sentinel","2024-04",2024-01-22,120481,19434,101047,NA,NA,NA,14151,NA,NA,5283
"383","United States of America","Non-sentinel","2024-05",2024-01-29,123949,20212,103737,NA,NA,NA,13525,NA,NA,6687
"384","United States of America","Non-sentinel","2024-06",2024-02-05,124097,19671,104426,NA,NA,NA,12145,NA,NA,7526
"385","United States of America","Non-sentinel","2024-07",2024-02-12,120149,18704,101445,NA,NA,NA,11042,NA,NA,7662
"386","United States of America","Non-sentinel","2024-08",2024-02-19,118107,18328,99779,NA,NA,NA,10143,NA,NA,8185
"387","United States of America","Non-sentinel","2024-09",2024-02-26,109663,16391,93272,NA,NA,NA,8944,NA,NA,7447
"388","United States of America","Non-sentinel","2024-10",2024-03-04,103198,14681,88517,NA,NA,NA,7780,NA,NA,6901
"389","United States of America","Non-sentinel","2024-11",2024-03-11,97623,11638,85985,NA,NA,NA,5798,NA,NA,5840
"390","United States of America","Non-sentinel","2024-12",2024-03-18,90497,9378,81119,NA,NA,NA,4766,NA,NA,4612
"391","United States of America","Non-sentinel","2024-13",2024-03-25,86150,7885,78265,NA,NA,NA,4001,NA,NA,3884
"392","United States of America","Non-sentinel","2024-14",2024-04-01,81799,6166,75633,NA,NA,NA,3243,NA,NA,2923
"393","United States of America","Non-sentinel","2024-15",2024-04-08,77973,4517,73456,NA,NA,NA,2389,NA,NA,2128
"394","United States of America","Non-sentinel","2024-16",2024-04-15,71822,3417,68405,NA,NA,NA,1866,NA,NA,1551
"395","United States of America","Non-sentinel","2024-17",2024-04-22,70211,2668,67543,NA,NA,NA,1496,NA,NA,1172
"396","United States of America","Non-sentinel","2024-18",2024-04-29,60132,1922,58210,NA,NA,NA,1106,NA,NA,816
"397","United States of America","Non-sentinel","2024-19",2024-05-06,54075,1258,52817,NA,NA,NA,807,NA,NA,451
"398","United States of America","Non-sentinel","2024-20",2024-05-13,52042,949,51093,NA,NA,NA,595,NA,NA,354
"399","United States of America","Non-sentinel","2024-21",2024-05-20,50362,826,49536,NA,NA,NA,538,NA,NA,288
"400","United States of America","Sentinel","2016-40",2016-10-03,898,106,792,9,87,NA,0,5,4,1
"401","United States of America","Sentinel","2016-41",2016-10-10,970,108,862,11,81,NA,0,7,6,3
"402","United States of America","Sentinel","2016-42",2016-10-17,1140,167,973,12,134,NA,2,8,10,1
"403","United States of America","Sentinel","2016-43",2016-10-24,1168,156,1012,13,130,NA,1,3,3,6
"404","United States of America","Sentinel","2016-44",2016-10-31,1296,157,1139,12,122,NA,3,10,7,3
"405","United States of America","Sentinel","2016-45",2016-11-07,1275,173,1102,5,155,NA,1,6,1,5
"406","United States of America","Sentinel","2016-46",2016-11-14,1351,221,1130,9,189,NA,2,7,1,13
"407","United States of America","Sentinel","2016-47",2016-11-21,1098,200,898,5,164,NA,14,4,3,10
"408","United States of America","Sentinel","2016-48",2016-11-28,1713,382,1331,13,318,NA,11,17,5,18
"409","United States of America","Sentinel","2016-49",2016-12-05,1880,526,1354,14,479,NA,3,20,7,3
"410","United States of America","Sentinel","2016-50",2016-12-12,2244,838,1406,18,750,NA,9,27,18,16
"411","United States of America","Sentinel","2016-51",2016-12-19,2505,1138,1367,29,1016,NA,11,38,28,16
"412","United States of America","Sentinel","2016-52",2016-12-26,3287,1848,1439,32,1676,NA,31,59,37,13
"413","United States of America","Sentinel","2017-01",2017-01-02,3932,2259,1673,53,2067,NA,13,47,60,19
"414","United States of America","Sentinel","2017-02",2017-01-09,4348,2439,1909,49,2210,NA,30,49,76,25
"415","United States of America","Sentinel","2017-03",2017-01-16,4278,2533,1745,57,2253,NA,24,69,104,26
"416","United States of America","Sentinel","2017-04",2017-01-23,4568,2731,1837,47,2431,NA,29,71,123,30
"417","United States of America","Sentinel","2017-05",2017-01-30,5086,3005,2081,51,2596,NA,30,96,182,50
"418","United States of America","Sentinel","2017-06",2017-02-06,5521,3482,2039,71,2975,NA,23,126,240,47
"419","United States of America","Sentinel","2017-07",2017-02-13,5335,3258,2077,68,2617,NA,17,152,300,104
"420","United States of America","Sentinel","2017-08",2017-02-20,5065,3068,1997,87,2364,NA,12,159,357,89
"421","United States of America","Sentinel","2017-09",2017-02-27,3995,2168,1827,54,1492,NA,13,149,358,102
"422","United States of America","Sentinel","2017-10",2017-03-06,3625,1955,1670,50,1256,NA,15,138,389,107
"423","United States of America","Sentinel","2017-11",2017-03-13,3238,1653,1585,28,909,NA,11,141,440,124
"424","United States of America","Sentinel","2017-12",2017-03-20,3212,1718,1494,31,843,NA,4,193,523,124
"425","United States of America","Sentinel","2017-13",2017-03-27,3049,1622,1427,27,655,NA,3,143,576,218
"426","United States of America","Sentinel","2017-14",2017-04-03,2308,1095,1213,17,374,NA,4,117,450,133
"427","United States of America","Sentinel","2017-15",2017-04-10,1719,757,962,5,221,NA,1,66,383,81
"428","United States of America","Sentinel","2017-16",2017-04-17,1549,542,1007,11,144,NA,2,54,250,81
"429","United States of America","Sentinel","2017-17",2017-04-24,1304,423,881,7,133,NA,2,51,181,49
"430","United States of America","Sentinel","2017-18",2017-05-01,1044,293,751,5,83,NA,2,31,131,41
"431","United States of America","Sentinel","2017-19",2017-05-08,889,293,596,3,97,NA,2,38,117,36
"432","United States of America","Sentinel","2017-20",2017-05-15,788,249,539,5,63,NA,1,33,114,33
"433","United States of America","Sentinel","2017-21",2017-05-22,640,176,464,6,41,NA,0,26,80,23
"434","United States of America","Sentinel","2017-22",2017-05-29,550,168,382,1,39,NA,0,51,60,17
"435","United States of America","Sentinel","2017-23",2017-06-05,457,142,315,5,33,NA,0,22,63,19
"436","United States of America","Sentinel","2017-24",2017-06-12,398,117,281,8,43,NA,1,11,45,9
"437","United States of America","Sentinel","2017-25",2017-06-19,388,95,293,5,40,NA,0,11,31,8
"438","United States of America","Sentinel","2017-26",2017-06-26,361,77,284,5,39,NA,1,4,21,7
"439","United States of America","Sentinel","2017-27",2017-07-03,295,57,238,10,29,NA,0,7,7,4
"440","United States of America","Sentinel","2017-28",2017-07-10,345,60,285,4,31,NA,0,5,9,11
"441","United States of America","Sentinel","2017-29",2017-07-17,345,50,295,8,26,NA,0,0,7,9
"442","United States of America","Sentinel","2017-30",2017-07-24,367,67,300,7,31,NA,4,1,21,3
"443","United States of America","Sentinel","2017-31",2017-07-31,380,60,320,8,41,NA,0,0,8,3
"444","United States of America","Sentinel","2017-32",2017-08-07,372,76,296,6,42,NA,1,0,20,7
"445","United States of America","Sentinel","2017-33",2017-08-14,353,50,303,5,32,NA,3,0,9,1
"446","United States of America","Sentinel","2017-34",2017-08-21,410,82,328,6,54,NA,2,1,9,10
"447","United States of America","Sentinel","2017-35",2017-08-28,486,90,396,18,64,NA,1,0,0,7
"448","United States of America","Sentinel","2017-36",2017-09-04,469,135,334,12,105,NA,2,0,13,3
"449","United States of America","Sentinel","2017-37",2017-09-11,719,150,569,8,109,NA,0,2,17,14
"450","United States of America","Sentinel","2017-38",2017-09-18,813,135,678,2,101,NA,3,1,18,10
"451","United States of America","Sentinel","2017-39",2017-09-25,937,143,794,10,119,NA,1,0,10,3
"452","United States of America","Sentinel","2017-40",2017-10-02,1040,160,880,13,123,NA,3,0,16,5
"453","United States of America","Sentinel","2017-41",2017-10-09,1079,188,891,14,143,NA,8,4,13,6
"454","United States of America","Sentinel","2017-42",2017-10-16,1234,201,1033,14,173,NA,0,1,11,2
"455","United States of America","Sentinel","2017-43",2017-10-23,1473,265,1208,26,180,NA,24,1,21,13
"456","United States of America","Sentinel","2017-44",2017-10-30,1591,344,1247,24,249,NA,15,3,36,17
"457","United States of America","Sentinel","2017-45",2017-11-06,1554,394,1160,29,315,NA,1,4,33,12
"458","United States of America","Sentinel","2017-46",2017-11-13,1876,558,1318,56,405,NA,2,5,61,29
"459","United States of America","Sentinel","2017-47",2017-11-20,1611,608,1003,41,490,NA,2,5,60,10
"460","United States of America","Sentinel","2017-48",2017-11-27,2368,995,1373,61,787,NA,11,8,108,20
"461","United States of America","Sentinel","2017-49",2017-12-04,2785,1281,1504,72,1055,NA,4,16,103,31
"462","United States of America","Sentinel","2017-50",2017-12-11,3558,1912,1646,137,1515,NA,11,36,174,39
"463","United States of America","Sentinel","2017-51",2017-12-18,4815,3125,1690,240,2491,NA,19,39,258,78
"464","United States of America","Sentinel","2017-52",2017-12-25,5424,3799,1625,279,2984,NA,29,35,372,100
"465","United States of America","Sentinel","2018-01",2018-01-01,6410,4327,2083,320,3295,NA,39,45,463,165
"466","United States of America","Sentinel","2018-02",2018-01-08,6919,4538,2381,393,3336,NA,70,42,534,163
"467","United States of America","Sentinel","2018-03",2018-01-15,6293,3955,2338,406,2727,NA,50,47,536,189
"468","United States of America","Sentinel","2018-04",2018-01-22,6923,4334,2589,540,2749,NA,38,58,718,231
"469","United States of America","Sentinel","2018-05",2018-01-29,7056,4278,2778,542,2494,NA,41,91,804,306
"470","United States of America","Sentinel","2018-06",2018-02-05,6492,3989,2503,544,2040,NA,32,113,931,329
"471","United States of America","Sentinel","2018-07",2018-02-12,5508,3327,2181,495,1511,NA,24,115,931,251
"472","United States of America","Sentinel","2018-08",2018-02-19,4546,2650,1896,306,1073,NA,19,116,891,245
"473","United States of America","Sentinel","2018-09",2018-02-26,3580,1837,1743,246,588,NA,12,88,699,204
"474","United States of America","Sentinel","2018-10",2018-03-05,3057,1486,1571,144,411,NA,25,88,646,172
"475","United States of America","Sentinel","2018-11",2018-03-12,2529,1276,1253,188,277,NA,25,70,542,174
"476","United States of America","Sentinel","2018-12",2018-03-19,2248,1012,1236,120,234,NA,10,52,467,129
"477","United States of America","Sentinel","2018-13",2018-03-26,1965,984,981,132,220,NA,8,62,455,107
"478","United States of America","Sentinel","2018-14",2018-04-02,1906,821,1085,120,163,NA,7,54,405,72
"479","United States of America","Sentinel","2018-15",2018-04-09,1481,596,885,101,102,NA,2,40,297,54
"480","United States of America","Sentinel","2018-16",2018-04-16,1174,436,738,51,86,NA,0,43,211,45
"481","United States of America","Sentinel","2018-17",2018-04-23,1028,329,699,56,53,NA,1,28,138,53
"482","United States of America","Sentinel","2018-18",2018-04-30,831,247,584,40,31,NA,2,14,137,23
"483","United States of America","Sentinel","2018-19",2018-05-07,599,118,481,16,20,NA,0,6,68,8
"484","United States of America","Sentinel","2018-20",2018-05-14,464,69,395,16,10,NA,0,6,27,10
"485","United States of America","Sentinel","2018-21",2018-05-21,344,56,288,18,6,NA,0,4,20,8
"486","United States of America","Sentinel","2018-22",2018-05-28,265,28,237,8,5,NA,0,2,11,2
"487","United States of America","Sentinel","2018-23",2018-06-04,286,25,261,7,3,NA,0,3,9,3
"488","United States of America","Sentinel","2018-24",2018-06-11,283,22,261,6,3,NA,0,3,8,2
"489","United States of America","Sentinel","2018-25",2018-06-18,212,13,199,1,3,NA,0,3,6,0
"490","United States of America","Sentinel","2018-26",2018-06-25,197,9,188,2,6,NA,0,0,1,0
"491","United States of America","Sentinel","2018-27",2018-07-02,131,21,110,9,5,NA,0,0,6,1
"492","United States of America","Sentinel","2018-28",2018-07-09,176,23,153,8,9,NA,0,2,3,1
"493","United States of America","Sentinel","2018-29",2018-07-16,174,29,145,15,5,NA,0,2,4,3
"494","United States of America","Sentinel","2018-30",2018-07-23,243,18,225,9,3,NA,4,2,0,0
"495","United States of America","Sentinel","2018-31",2018-07-30,185,21,164,7,10,NA,3,0,1,0
"496","United States of America","Sentinel","2018-32",2018-08-06,164,22,142,6,8,NA,5,0,2,1
"497","United States of America","Sentinel","2018-33",2018-08-13,181,23,158,5,9,NA,6,0,2,1
"498","United States of America","Sentinel","2018-34",2018-08-20,259,45,214,17,20,NA,6,0,1,1
"499","United States of America","Sentinel","2018-35",2018-08-27,258,18,240,10,6,NA,0,0,2,0
"500","United States of America","Sentinel","2018-36",2018-09-03,351,36,315,17,17,NA,0,0,1,1
"501","United States of America","Sentinel","2018-37",2018-09-10,446,49,397,29,14,NA,0,1,5,0
"502","United States of America","Sentinel","2018-38",2018-09-17,535,46,489,22,17,NA,2,1,2,2
"503","United States of America","Sentinel","2018-39",2018-09-24,561,36,525,20,13,NA,0,0,3,0
"504","United States of America","Sentinel","2018-40",2018-10-01,802,66,736,29,11,NA,8,7,11,0
"505","United States of America","Sentinel","2018-41",2018-10-08,919,84,835,52,11,NA,8,3,5,5
"506","United States of America","Sentinel","2018-42",2018-10-15,1111,104,1007,52,22,NA,13,2,14,1
"507","United States of America","Sentinel","2018-43",2018-10-22,1119,130,989,76,35,NA,3,0,13,3
"508","United States of America","Sentinel","2018-44",2018-10-29,1248,120,1128,84,23,NA,3,1,8,1
"509","United States of America","Sentinel","2018-45",2018-11-05,1340,175,1165,117,27,NA,15,4,7,5
"510","United States of America","Sentinel","2018-46",2018-11-12,1427,206,1221,148,41,NA,12,2,3,0
"511","United States of America","Sentinel","2018-47",2018-11-19,1132,287,845,215,54,NA,10,2,5,1
"512","United States of America","Sentinel","2018-48",2018-11-26,1706,415,1291,326,64,NA,12,2,10,1
"513","United States of America","Sentinel","2018-49",2018-12-03,1733,482,1251,361,90,NA,14,3,7,7
"514","United States of America","Sentinel","2018-50",2018-12-10,2199,876,1323,674,166,NA,20,7,6,3
"515","United States of America","Sentinel","2018-51",2018-12-17,2681,1479,1202,1115,248,NA,79,20,8,9
"516","United States of America","Sentinel","2018-52",2018-12-24,2571,1666,905,1243,274,NA,113,19,9,8
"517","United States of America","Sentinel","2019-01",2018-12-31,2895,1678,1217,1182,305,NA,162,6,17,6
"518","United States of America","Sentinel","2019-02",2019-01-07,3293,1798,1495,1429,233,NA,100,4,20,12
"519","United States of America","Sentinel","2019-03",2019-01-14,3337,2003,1334,1475,366,NA,120,17,16,9
"520","United States of America","Sentinel","2019-04",2019-01-21,3551,2219,1332,1546,511,NA,117,17,9,19
"521","United States of America","Sentinel","2019-05",2019-01-28,4168,2610,1558,1678,806,NA,73,24,18,11
"522","United States of America","Sentinel","2019-06",2019-02-04,4900,3201,1699,1878,1202,NA,75,18,11,17
"523","United States of America","Sentinel","2019-07",2019-02-11,4752,3140,1612,1703,1305,NA,62,29,18,23
"524","United States of America","Sentinel","2019-08",2019-02-18,4789,3157,1632,1480,1501,NA,79,28,12,57
"525","United States of America","Sentinel","2019-09",2019-02-25,4994,3326,1668,1377,1785,NA,82,34,10,38
"526","United States of America","Sentinel","2019-10",2019-03-04,4837,3317,1520,1292,1829,NA,70,42,27,57
"527","United States of America","Sentinel","2019-11",2019-03-11,4529,3067,1462,1052,1828,NA,48,56,31,52
"528","United States of America","Sentinel","2019-12",2019-03-18,3841,2318,1523,745,1402,NA,27,50,19,75
"529","United States of America","Sentinel","2019-13",2019-03-25,3014,1809,1205,472,1110,NA,31,66,25,105
"530","United States of America","Sentinel","2019-14",2019-04-01,2656,1432,1224,336,889,NA,21,70,20,96
"531","United States of America","Sentinel","2019-15",2019-04-08,2143,1041,1102,217,660,NA,9,58,18,79
"532","United States of America","Sentinel","2019-16",2019-04-15,1498,585,913,130,354,NA,7,50,19,25
"533","United States of America","Sentinel","2019-17",2019-04-22,1252,429,823,87,218,NA,4,39,14,67
"534","United States of America","Sentinel","2019-18",2019-04-29,1033,293,740,65,158,NA,6,40,11,13
"535","United States of America","Sentinel","2019-19",2019-05-06,838,225,613,45,94,NA,14,41,9,22
"536","United States of America","Sentinel","2019-20",2019-05-13,799,186,613,43,82,NA,3,40,7,11
"537","United States of America","Sentinel","2019-21",2019-05-20,550,133,417,29,67,NA,4,27,3,3
"538","United States of America","Sentinel","2019-22",2019-05-27,571,138,433,23,55,NA,4,25,11,20
"539","United States of America","Sentinel","2019-23",2019-06-03,501,135,366,26,54,NA,3,32,1,19
"540","United States of America","Sentinel","2019-24",2019-06-10,433,112,321,21,57,NA,7,19,2,6
"541","United States of America","Sentinel","2019-25",2019-06-17,393,95,298,19,52,NA,2,13,0,9
"542","United States of America","Sentinel","2019-26",2019-06-24,387,90,297,21,48,NA,2,12,3,4
"543","United States of America","Sentinel","2019-27",2019-07-01,362,90,272,29,41,NA,3,13,1,3
"544","United States of America","Sentinel","2019-28",2019-07-08,400,65,335,10,42,NA,1,9,1,2
"545","United States of America","Sentinel","2019-29",2019-07-15,323,82,241,12,55,NA,4,10,0,1
"546","United States of America","Sentinel","2019-30",2019-07-22,294,64,230,19,29,NA,2,11,0,3
"547","United States of America","Sentinel","2019-31",2019-07-29,333,59,274,14,30,NA,2,10,2,1
"548","United States of America","Sentinel","2019-32",2019-08-05,294,57,237,7,33,NA,0,16,0,1
"549","United States of America","Sentinel","2019-33",2019-08-12,338,95,243,20,34,NA,3,38,0,0
"550","United States of America","Sentinel","2019-34",2019-08-19,356,92,264,19,38,NA,1,32,0,2
"551","United States of America","Sentinel","2019-35",2019-08-26,370,87,283,14,34,NA,4,29,0,6
"552","United States of America","Sentinel","2019-36",2019-09-02,453,110,343,16,54,NA,9,29,1,1
"553","United States of America","Sentinel","2019-37",2019-09-09,594,143,451,12,69,NA,14,44,2,2
"554","United States of America","Sentinel","2019-38",2019-09-16,782,146,636,27,59,NA,9,46,0,5
"555","United States of America","Sentinel","2019-39",2019-09-23,800,152,648,18,60,NA,18,49,0,7
"556","United States of America","Sentinel","2019-40",2019-09-30,987,167,820,25,57,NA,21,56,1,7
"557","United States of America","Sentinel","2019-41",2019-10-07,1100,198,902,33,64,NA,22,70,2,7
"558","United States of America","Sentinel","2019-42",2019-10-14,1256,235,1021,36,82,NA,24,77,3,13
"559","United States of America","Sentinel","2019-43",2019-10-21,1493,300,1193,53,78,NA,48,96,5,20
"560","United States of America","Sentinel","2019-44",2019-10-28,1597,360,1237,52,61,NA,83,120,5,39
"561","United States of America","Sentinel","2019-45",2019-11-04,2347,719,1628,122,74,NA,205,234,10,74
"562","United States of America","Sentinel","2019-46",2019-11-11,2208,782,1426,149,58,NA,146,330,10,89
"563","United States of America","Sentinel","2019-47",2019-11-18,2808,1115,1693,258,78,NA,173,423,10,173
"564","United States of America","Sentinel","2019-48",2019-11-25,2359,1195,1164,369,83,NA,92,500,10,141
"565","United States of America","Sentinel","2019-49",2019-12-02,3259,1548,1711,513,83,NA,86,657,14,195
"566","United States of America","Sentinel","2019-50",2019-12-09,3504,1872,1632,620,78,NA,41,807,15,311
"567","United States of America","Sentinel","2019-51",2019-12-16,4014,2421,1593,915,52,NA,52,1110,16,276
"568","United States of America","Sentinel","2019-52",2019-12-23,4214,3023,1191,1210,88,NA,27,1326,24,348
"569","United States of America","Sentinel","2020-01",2019-12-30,4240,2895,1345,1262,101,NA,45,1275,23,189
"570","United States of America","Sentinel","2020-02",2020-01-06,4531,2846,1685,1338,86,NA,34,1145,20,223
"571","United States of America","Sentinel","2020-03",2020-01-13,4932,3235,1697,1598,73,NA,56,1244,12,252
"572","United States of America","Sentinel","2020-04",2020-01-20,5001,3286,1715,1769,79,NA,37,1137,8,256
"573","United States of America","Sentinel","2020-05",2020-01-27,6113,3887,2226,2359,92,NA,50,1069,8,309
"574","United States of America","Sentinel","2020-06",2020-02-03,5646,3665,1981,2346,91,NA,64,871,5,288
"575","United States of America","Sentinel","2020-07",2020-02-10,5028,3276,1752,2048,65,NA,129,744,10,280
"576","United States of America","Sentinel","2020-08",2020-02-17,4344,2689,1655,1752,76,NA,119,564,9,169
"577","United States of America","Sentinel","2020-09",2020-02-24,3963,2377,1586,1662,63,NA,50,454,8,140
"578","United States of America","Sentinel","2020-10",2020-03-02,4140,2229,1911,1601,73,NA,65,352,8,130
"579","United States of America","Sentinel","2020-11",2020-03-09,3594,1545,2049,1136,74,NA,50,197,3,85
"580","United States of America","Sentinel","2020-12",2020-03-16,2859,620,2239,444,30,NA,23,77,1,45
"581","United States of America","Sentinel","2020-13",2020-03-23,2146,171,1975,100,7,NA,8,20,2,34
"582","United States of America","Sentinel","2020-14",2020-03-30,1472,54,1418,37,1,NA,4,5,0,7
"583","United States of America","Sentinel","2020-15",2020-04-06,1021,35,986,28,0,NA,3,0,0,4
"584","United States of America","Sentinel","2020-16",2020-04-13,884,24,860,19,0,NA,0,2,0,3
"585","United States of America","Sentinel","2020-17",2020-04-20,818,30,788,26,0,NA,0,0,0,4
"586","United States of America","Sentinel","2020-18",2020-04-27,742,27,715,23,0,NA,1,1,0,2
"587","United States of America","Sentinel","2020-19",2020-05-04,659,29,630,26,1,NA,0,0,0,2
"588","United States of America","Sentinel","2020-20",2020-05-11,682,27,655,24,0,NA,0,0,0,3
"589","United States of America","Sentinel","2020-21",2020-05-18,553,1,552,0,0,NA,1,0,0,0
"590","United States of America","Sentinel","2020-22",2020-05-25,529,4,525,2,0,NA,1,0,0,1
"591","United States of America","Sentinel","2020-23",2020-06-01,359,2,357,0,0,NA,0,0,0,2
"592","United States of America","Sentinel","2020-24",2020-06-08,347,6,341,1,0,NA,1,1,0,3
"593","United States of America","Sentinel","2020-25",2020-06-15,398,0,398,0,0,NA,0,0,0,0
"594","United States of America","Sentinel","2020-26",2020-06-22,208,3,205,0,0,NA,3,0,0,0
"595","United States of America","Sentinel","2020-27",2020-06-29,198,1,197,0,0,NA,1,0,0,0
"596","United States of America","Sentinel","2020-28",2020-07-06,260,2,258,0,0,NA,1,0,0,1
"597","United States of America","Sentinel","2020-29",2020-07-13,222,0,222,0,0,NA,0,0,0,0
"598","United States of America","Sentinel","2020-30",2020-07-20,230,2,228,0,0,NA,2,0,0,0
"599","United States of America","Sentinel","2020-31",2020-07-27,201,0,201,0,0,NA,0,0,0,0
"600","United States of America","Sentinel","2020-32",2020-08-03,167,0,167,0,0,NA,0,0,0,0
"601","United States of America","Sentinel","2020-33",2020-08-10,120,1,119,0,0,NA,0,0,0,1
"602","United States of America","Sentinel","2020-34",2020-08-17,194,0,194,0,0,NA,0,0,0,0
"603","United States of America","Sentinel","2020-35",2020-08-24,2323,0,2323,0,0,NA,0,0,0,0
"604","United States of America","Sentinel","2020-36",2020-08-31,2553,1,2552,0,0,NA,1,0,0,0
"605","United States of America","Sentinel","2020-37",2020-09-07,141,1,140,0,1,NA,0,0,0,0
"606","United States of America","Sentinel","2020-38",2020-09-14,195,1,194,0,0,NA,1,0,0,0
"607","United States of America","Sentinel","2020-39",2020-09-21,1738,1,1737,0,0,NA,1,0,0,0
"608","United States of America","Sentinel","2020-40",2020-09-28,11341,5,11336,0,0,NA,3,0,0,2
"609","United States of America","Sentinel","2020-41",2020-10-05,11919,14,11905,3,2,NA,3,1,0,5
"610","United States of America","Sentinel","2020-42",2020-10-12,11054,10,11044,0,1,NA,4,0,0,5
"611","United States of America","Sentinel","2020-43",2020-10-19,15373,15,15358,1,1,NA,10,0,0,3
"612","United States of America","Sentinel","2020-44",2020-10-26,20084,24,20060,0,1,NA,7,1,2,13
"613","United States of America","Sentinel","2020-45",2020-11-02,26074,13,26061,0,1,NA,5,0,0,7
"614","United States of America","Sentinel","2020-46",2020-11-09,25411,18,25393,3,4,NA,6,0,1,4
"615","United States of America","Sentinel","2020-47",2020-11-16,18865,7,18858,0,3,NA,0,0,2,2
"616","United States of America","Sentinel","2020-48",2020-11-23,11003,11,10992,2,0,NA,6,1,0,2
"617","United States of America","Sentinel","2020-49",2020-11-30,17316,14,17302,0,0,NA,5,2,3,4
"618","United States of America","Sentinel","2020-50",2020-12-07,16255,17,16238,3,3,NA,8,2,0,1
"619","United States of America","Sentinel","2020-51",2020-12-14,14956,10,14946,0,0,NA,6,0,0,4
"620","United States of America","Sentinel","2020-52",2020-12-21,12389,4,12385,0,0,NA,2,0,0,2
"621","United States of America","Sentinel","2020-53",2020-12-28,11087,11,11076,1,1,NA,6,0,0,3
"622","United States of America","Sentinel","2021-01",2021-01-04,17256,10,17246,0,0,NA,6,1,0,3
"623","United States of America","Sentinel","2021-02",2021-01-11,15469,8,15461,0,0,NA,4,1,0,3
"624","United States of America","Sentinel","2021-03",2021-01-18,13731,4,13727,0,1,NA,2,0,0,1
"625","United States of America","Sentinel","2021-04",2021-01-25,13075,4,13071,1,0,NA,2,0,0,1
"626","United States of America","Sentinel","2021-05",2021-02-01,16131,7,16124,0,0,NA,4,0,0,3
"627","United States of America","Sentinel","2021-06",2021-02-08,17006,4,17002,0,0,NA,2,1,0,1
"628","United States of America","Sentinel","2021-07",2021-02-15,13353,4,13349,0,0,NA,3,0,0,1
"629","United States of America","Sentinel","2021-08",2021-02-22,16278,6,16272,1,1,NA,1,0,0,3
"630","United States of America","Sentinel","2021-09",2021-03-01,14402,2,14400,0,0,NA,2,0,0,0
"631","United States of America","Sentinel","2021-10",2021-03-08,16462,4,16458,1,0,NA,1,1,0,1
"632","United States of America","Sentinel","2021-11",2021-03-15,14150,7,14143,0,1,NA,4,0,0,2
"633","United States of America","Sentinel","2021-12",2021-03-22,14814,1,14813,0,0,NA,1,0,0,0
"634","United States of America","Sentinel","2021-13",2021-03-29,13739,6,13733,0,0,NA,5,0,0,1
"635","United States of America","Sentinel","2021-14",2021-04-05,14016,1,14015,1,0,NA,0,0,0,0
"636","United States of America","Sentinel","2021-15",2021-04-12,15425,7,15418,1,1,NA,3,0,0,2
"637","United States of America","Sentinel","2021-16",2021-04-19,12230,1,12229,0,0,NA,0,0,0,1
"638","United States of America","Sentinel","2021-17",2021-04-26,12668,1,12667,0,0,NA,1,0,0,0
"639","United States of America","Sentinel","2021-18",2021-05-03,10656,1,10655,0,0,NA,0,1,0,0
"640","United States of America","Sentinel","2021-19",2021-05-10,9263,0,9263,0,0,NA,0,0,0,0
"641","United States of America","Sentinel","2021-20",2021-05-17,9931,6,9925,0,0,NA,1,5,0,0
"642","United States of America","Sentinel","2021-21",2021-05-24,8780,0,8780,0,0,NA,0,0,0,0
"643","United States of America","Sentinel","2021-22",2021-05-31,6727,4,6723,1,0,NA,2,0,0,1
"644","United States of America","Sentinel","2021-23",2021-06-07,5568,2,5566,0,0,NA,2,0,0,0
"645","United States of America","Sentinel","2021-24",2021-06-14,5484,0,5484,0,0,NA,0,0,0,0
"646","United States of America","Sentinel","2021-25",2021-06-21,5949,1,5948,1,0,NA,0,0,0,0
"647","United States of America","Sentinel","2021-26",2021-06-28,7212,1,7211,0,0,NA,1,0,0,0
"648","United States of America","Sentinel","2021-27",2021-07-05,6592,4,6588,1,1,NA,1,0,0,1
"649","United States of America","Sentinel","2021-28",2021-07-12,8830,8,8822,0,3,NA,3,1,0,1
"650","United States of America","Sentinel","2021-29",2021-07-19,8375,2,8373,0,2,NA,0,0,0,0
"651","United States of America","Sentinel","2021-30",2021-07-26,9073,3,9070,1,1,NA,1,0,0,0
"652","United States of America","Sentinel","2021-31",2021-08-02,13269,5,13264,0,2,NA,3,0,0,0
"653","United States of America","Sentinel","2021-32",2021-08-09,15805,3,15802,0,1,NA,2,0,0,0
"654","United States of America","Sentinel","2021-33",2021-08-16,21354,6,21348,0,3,NA,2,0,0,1
"655","United States of America","Sentinel","2021-34",2021-08-23,23637,9,23628,1,0,NA,5,0,0,3
"656","United States of America","Sentinel","2021-35",2021-08-30,24552,2,24550,0,0,NA,0,1,0,1
"657","United States of America","Sentinel","2021-36",2021-09-06,20723,7,20716,0,0,NA,6,0,0,1
"658","United States of America","Sentinel","2021-37",2021-09-13,20845,9,20836,1,1,NA,3,4,0,0
"659","United States of America","Sentinel","2021-38",2021-09-20,19512,11,19501,3,2,NA,6,0,0,0
"660","United States of America","Sentinel","2021-39",2021-09-27,17455,6,17449,0,3,NA,1,0,1,1
"661","United States of America","Sentinel","2021-40",2021-10-04,19717,99,19618,1,86,NA,5,3,0,4
"662","United States of America","Sentinel","2021-41",2021-10-11,19249,105,19144,0,93,NA,2,2,0,8
"663","United States of America","Sentinel","2021-42",2021-10-18,24794,62,24732,0,52,NA,3,3,0,4
"664","United States of America","Sentinel","2021-43",2021-10-25,24959,68,24891,0,50,NA,7,8,0,3
"665","United States of America","Sentinel","2021-44",2021-11-01,24215,199,24016,0,183,NA,11,4,0,1
"666","United States of America","Sentinel","2021-45",2021-11-08,23094,265,22829,0,213,NA,48,1,0,3
"667","United States of America","Sentinel","2021-46",2021-11-15,23970,540,23430,2,452,NA,77,4,0,5
"668","United States of America","Sentinel","2021-47",2021-11-22,16622,593,16029,1,526,NA,60,2,0,4
"669","United States of America","Sentinel","2021-48",2021-11-29,25542,980,24562,1,836,NA,136,3,0,4
"670","United States of America","Sentinel","2021-49",2021-12-06,29962,1196,28766,0,952,NA,241,2,0,1
"671","United States of America","Sentinel","2021-50",2021-12-13,32805,1417,31388,0,1097,NA,316,0,0,4
"672","United States of America","Sentinel","2021-51",2021-12-20,33188,1312,31876,0,1022,NA,287,0,0,3
"673","United States of America","Sentinel","2021-52",2021-12-27,43706,1528,42178,0,1016,NA,506,0,0,6
"674","United States of America","Sentinel","2022-01",2022-01-03,66341,1166,65175,0,814,NA,344,0,0,8
"675","United States of America","Sentinel","2022-02",2022-01-10,66684,1030,65654,0,635,NA,393,0,0,2
"676","United States of America","Sentinel","2022-03",2022-01-17,49917,732,49185,0,529,NA,202,0,0,1
"677","United States of America","Sentinel","2022-04",2022-01-24,40883,599,40284,0,403,NA,189,2,0,5
"678","United States of America","Sentinel","2022-05",2022-01-31,27696,512,27184,0,387,NA,121,1,0,3
"679","United States of America","Sentinel","2022-06",2022-02-07,26692,637,26055,0,488,NA,147,0,0,2
"680","United States of America","Sentinel","2022-07",2022-02-14,22867,573,22294,1,408,NA,162,1,0,1
"681","United States of America","Sentinel","2022-08",2022-02-21,18155,501,17654,0,371,NA,128,0,0,2
"682","United States of America","Sentinel","2022-09",2022-02-28,17681,615,17066,1,476,NA,135,1,0,2
"683","United States of America","Sentinel","2022-10",2022-03-07,15973,599,15374,0,489,NA,109,1,0,0
"684","United States of America","Sentinel","2022-11",2022-03-14,13891,608,13283,3,474,NA,131,0,0,0
"685","United States of America","Sentinel","2022-12",2022-03-21,14380,702,13678,0,603,NA,98,0,0,1
"686","United States of America","Sentinel","2022-13",2022-03-28,13833,782,13051,0,666,NA,114,1,0,1
"687","United States of America","Sentinel","2022-14",2022-04-04,13517,713,12804,0,615,NA,96,1,0,1
"688","United States of America","Sentinel","2022-15",2022-04-11,13937,812,13125,0,689,NA,119,0,0,4
"689","United States of America","Sentinel","2022-16",2022-04-18,14154,834,13320,3,703,NA,125,0,0,3
"690","United States of America","Sentinel","2022-17",2022-04-25,14784,799,13985,3,696,NA,99,0,0,1
"691","United States of America","Sentinel","2022-18",2022-05-02,15465,837,14628,3,741,NA,92,0,0,1
"692","United States of America","Sentinel","2022-19",2022-05-09,15407,821,14586,1,647,NA,170,0,0,3
"693","United States of America","Sentinel","2022-20",2022-05-16,15694,777,14917,4,623,NA,149,0,0,1
"694","United States of America","Sentinel","2022-21",2022-05-23,15103,628,14475,1,512,NA,114,0,0,1
"695","United States of America","Sentinel","2022-22",2022-05-30,14157,575,13582,1,472,NA,101,0,0,1
"696","United States of America","Sentinel","2022-23",2022-06-06,15100,426,14674,0,349,NA,75,0,0,2
"697","United States of America","Sentinel","2022-24",2022-06-13,15901,356,15545,0,307,NA,46,0,0,3
"698","United States of America","Sentinel","2022-25",2022-06-20,17089,198,16891,0,168,NA,29,0,0,1
"699","United States of America","Sentinel","2022-26",2022-06-27,19211,103,19108,1,76,NA,25,0,0,1
"700","United States of America","Sentinel","2022-27",2022-07-04,18863,98,18765,0,85,NA,12,0,0,1
"701","United States of America","Sentinel","2022-28",2022-07-11,20102,127,19975,0,115,NA,11,0,0,1
"702","United States of America","Sentinel","2022-29",2022-07-18,21097,56,21041,1,42,NA,9,0,0,4
"703","United States of America","Sentinel","2022-30",2022-07-25,21459,49,21410,0,31,NA,15,0,0,3
"704","United States of America","Sentinel","2022-31",2022-08-01,18772,60,18712,2,40,NA,16,0,0,2
"705","United States of America","Sentinel","2022-32",2022-08-08,15390,94,15296,1,84,NA,7,0,0,2
"706","United States of America","Sentinel","2022-33",2022-08-15,20736,82,20654,6,67,NA,7,1,0,1
"707","United States of America","Sentinel","2022-34",2022-08-22,18609,97,18512,11,77,NA,7,2,0,0
"708","United States of America","Sentinel","2022-35",2022-08-29,16469,91,16378,8,71,NA,8,1,0,3
"709","United States of America","Sentinel","2022-36",2022-09-05,11580,91,11489,8,72,NA,11,0,0,0
"710","United States of America","Sentinel","2022-37",2022-09-12,11629,86,11543,5,68,NA,8,0,0,5
"711","United States of America","Sentinel","2022-38",2022-09-19,11300,147,11153,17,110,NA,10,3,0,7
"712","United States of America","Sentinel","2022-39",2022-09-26,9961,159,9802,25,112,NA,18,1,0,3
"713","United States of America","Sentinel","2022-40",2022-10-03,9119,305,8814,39,239,NA,19,5,0,3
"714","United States of America","Sentinel","2022-41",2022-10-10,8513,461,8052,66,364,NA,23,5,0,3
"715","United States of America","Sentinel","2022-42",2022-10-17,9395,606,8789,114,449,NA,33,6,0,4
"716","United States of America","Sentinel","2022-43",2022-10-24,9430,992,8438,230,706,NA,51,3,0,2
"717","United States of America","Sentinel","2022-44",2022-10-31,10298,1417,8881,316,917,NA,175,5,0,4
"718","United States of America","Sentinel","2022-45",2022-11-07,9489,1713,7776,323,1195,NA,192,2,0,1
"719","United States of America","Sentinel","2022-46",2022-11-14,11432,2338,9094,443,1557,NA,332,2,0,4
"720","United States of America","Sentinel","2022-47",2022-11-21,9779,2667,7112,461,1844,NA,359,2,0,1
"721","United States of America","Sentinel","2022-48",2022-11-28,12375,3386,8989,646,2086,NA,650,3,0,1
"722","United States of America","Sentinel","2022-49",2022-12-05,11785,3145,8640,548,2013,NA,578,4,0,2
"723","United States of America","Sentinel","2022-50",2022-12-12,11421,2810,8611,535,1729,NA,541,4,0,1
"724","United States of America","Sentinel","2022-51",2022-12-19,9432,2138,7294,456,1199,NA,474,6,0,3
"725","United States of America","Sentinel","2022-52",2022-12-26,8085,1558,6527,443,850,NA,258,7,0,0
"726","United States of America","Sentinel","2023-01",2023-01-02,8693,1461,7232,398,822,NA,227,12,0,2
"727","United States of America","Sentinel","2023-02",2023-01-09,8310,860,7450,223,527,NA,96,13,0,1
"728","United States of America","Sentinel","2023-03",2023-01-16,7489,616,6873,210,324,NA,66,12,0,4
"729","United States of America","Sentinel","2023-04",2023-01-23,6770,338,6432,123,165,NA,40,10,0,0
"730","United States of America","Sentinel","2023-05",2023-01-30,6153,283,5870,121,118,NA,24,18,0,2
"731","United States of America","Sentinel","2023-06",2023-02-06,7284,298,6986,131,115,NA,25,21,0,6
"732","United States of America","Sentinel","2023-07",2023-02-13,7331,201,7130,85,69,NA,18,26,0,3
"733","United States of America","Sentinel","2023-08",2023-02-20,6671,156,6515,61,60,NA,17,14,0,4
"734","United States of America","Sentinel","2023-09",2023-02-27,7118,177,6941,75,53,NA,13,28,0,8
"735","United States of America","Sentinel","2023-10",2023-03-06,6895,164,6731,75,44,NA,14,21,0,10
"736","United States of America","Sentinel","2023-11",2023-03-13,6185,129,6056,59,28,NA,8,25,0,9
"737","United States of America","Sentinel","2023-12",2023-03-20,6174,158,6016,60,38,NA,11,34,0,15
"738","United States of America","Sentinel","2023-13",2023-03-27,5092,141,4951,57,17,NA,16,41,0,10
"739","United States of America","Sentinel","2023-14",2023-04-03,5030,146,4884,65,19,NA,11,37,0,14
"740","United States of America","Sentinel","2023-15",2023-04-10,4977,110,4867,47,6,NA,9,37,0,11
"741","United States of America","Sentinel","2023-16",2023-04-17,4130,110,4020,33,12,NA,2,46,0,17
"742","United States of America","Sentinel","2023-17",2023-04-24,4094,122,3972,42,18,NA,2,49,0,11
"743","United States of America","Sentinel","2023-18",2023-05-01,3958,117,3841,41,9,NA,2,54,0,11
"744","United States of America","Sentinel","2023-19",2023-05-08,3626,132,3494,50,4,NA,2,68,0,8
"745","United States of America","Sentinel","2023-20",2023-05-15,3246,127,3119,45,10,NA,3,59,0,10
"746","United States of America","Sentinel","2023-21",2023-05-22,2965,106,2859,41,3,NA,5,43,0,14
"747","United States of America","Sentinel","2023-22",2023-05-29,2474,112,2362,56,1,NA,5,39,0,11
"748","United States of America","Sentinel","2023-23",2023-06-05,2691,146,2545,67,5,NA,3,58,0,13
"749","United States of America","Sentinel","2023-24",2023-06-12,2271,121,2150,62,3,NA,7,42,0,7
"750","United States of America","Sentinel","2023-25",2023-06-19,2338,118,2220,68,5,NA,4,36,0,5
"751","United States of America","Sentinel","2023-26",2023-06-26,2414,142,2272,63,17,NA,5,54,0,3
"752","United States of America","Sentinel","2023-27",2023-07-03,1828,103,1725,61,1,NA,4,33,0,4
"753","United States of America","Sentinel","2023-28",2023-07-10,2168,94,2074,58,4,NA,5,26,0,1
"754","United States of America","Sentinel","2023-29",2023-07-17,2099,88,2011,62,7,NA,1,16,0,2
"755","United States of America","Sentinel","2023-30",2023-07-24,1667,84,1583,48,5,NA,1,29,0,1
"756","United States of America","Sentinel","2023-31",2023-07-31,1472,111,1361,73,6,NA,6,25,0,1
"757","United States of America","Sentinel","2023-32",2023-08-07,1957,94,1863,45,5,NA,9,32,0,3
"758","United States of America","Sentinel","2023-33",2023-08-14,1875,95,1780,53,13,NA,7,21,0,1
"759","United States of America","Sentinel","2023-34",2023-08-21,1931,102,1829,57,9,NA,3,24,0,9
"760","United States of America","Sentinel","2023-35",2023-08-28,2046,92,1954,58,10,NA,9,12,0,3
"761","United States of America","Sentinel","2023-36",2023-09-04,2401,120,2281,65,8,NA,19,22,0,6
"762","United States of America","Sentinel","2023-37",2023-09-11,3316,105,3211,59,15,NA,8,22,0,1
"763","United States of America","Sentinel","2023-38",2023-09-18,3221,143,3078,91,10,NA,6,35,0,1
"764","United States of America","Sentinel","2023-39",2023-09-25,3115,169,2946,122,10,NA,7,24,0,6
"765","United States of America","Sentinel","2023-40",2023-10-02,3057,253,2804,176,16,NA,10,48,0,3
"766","United States of America","Sentinel","2023-41",2023-10-09,3060,320,2740,213,22,NA,12,68,0,5
"767","United States of America","Sentinel","2023-42",2023-10-16,3409,421,2988,276,26,NA,34,73,0,12
"768","United States of America","Sentinel","2023-43",2023-10-23,2918,406,2512,240,36,NA,48,68,0,14
"769","United States of America","Sentinel","2023-44",2023-10-30,3158,498,2660,291,41,NA,63,90,0,13
"770","United States of America","Sentinel","2023-45",2023-11-06,3293,817,2476,483,61,NA,111,133,0,29
"771","United States of America","Sentinel","2023-46",2023-11-13,3891,923,2968,486,103,NA,149,142,0,43
"772","United States of America","Sentinel","2023-47",2023-11-20,3018,1010,2008,579,124,NA,140,140,0,27
"773","United States of America","Sentinel","2023-48",2023-11-27,4215,1300,2915,707,176,NA,174,219,0,24
"774","United States of America","Sentinel","2023-49",2023-12-04,4510,1799,2711,970,271,NA,245,261,0,52
"775","United States of America","Sentinel","2023-50",2023-12-11,4983,2074,2909,998,282,NA,421,292,0,81
"776","United States of America","Sentinel","2023-51",2023-12-18,5055,2149,2906,1220,326,NA,300,267,0,36
"777","United States of America","Sentinel","2023-52",2023-12-25,4470,2021,2449,1200,295,NA,275,230,0,21
"778","United States of America","Sentinel","2024-01",2024-01-01,4872,2073,2799,1122,334,0,242,317,0,58
"779","United States of America","Sentinel","2024-02",2024-01-08,5096,1847,3249,935,341,0,253,258,0,60
"780","United States of America","Sentinel","2024-03",2024-01-15,3797,1514,2283,794,302,0,163,209,0,46
"781","United States of America","Sentinel","2024-04",2024-01-22,4300,1689,2611,759,392,0,191,290,0,57
"782","United States of America","Sentinel","2024-05",2024-01-29,4134,1675,2459,689,393,0,146,387,0,60
"783","United States of America","Sentinel","2024-06",2024-02-05,4020,1705,2315,603,433,0,175,431,0,63
"784","United States of America","Sentinel","2024-07",2024-02-12,4198,1603,2595,511,429,0,165,439,0,59
"785","United States of America","Sentinel","2024-08",2024-02-19,4014,1645,2369,472,429,0,198,482,0,64
"786","United States of America","Sentinel","2024-09",2024-02-26,4053,1506,2547,454,383,0,173,446,0,50
"787","United States of America","Sentinel","2024-10",2024-03-04,3746,1419,2327,353,397,0,161,465,0,43
"788","United States of America","Sentinel","2024-11",2024-03-11,3187,1161,2026,261,323,0,147,396,0,34
"789","United States of America","Sentinel","2024-12",2024-03-18,2883,1000,1883,234,292,0,124,314,0,36
"790","United States of America","Sentinel","2024-13",2024-03-25,2807,864,1943,215,273,0,80,266,0,30
"791","United States of America","Sentinel","2024-14",2024-04-01,2080,800,1280,176,286,0,56,249,0,33
"792","United States of America","Sentinel","2024-15",2024-04-08,1893,755,1138,179,261,0,49,227,0,39
"793","United States of America","Sentinel","2024-16",2024-04-15,1658,578,1080,126,196,0,62,166,0,28
"794","United States of America","Sentinel","2024-17",2024-04-22,1481,425,1056,97,142,0,36,130,0,20
"795","United States of America","Sentinel","2024-18",2024-04-29,1270,373,897,95,129,0,37,95,0,17
"796","United States of America","Sentinel","2024-19",2024-05-06,1271,282,989,54,101,0,28,84,0,15
"797","United States of America","Sentinel","2024-20",2024-05-13,1033,205,828,49,74,0,33,47,0,2
"798","United States of America","Sentinel","2024-21",2024-05-20,1096,223,873,44,112,1,28,36,0,2
